"","Kingdom","Phylum","Class","Order","Family","Genus","Species"
"OTU.154","k__Fungi","p__Basidiomycota","c__Agaricomycetes","o__Polyporales",NA,NA,NA
"OTU.104","k__Fungi","p__Basidiomycota","c__Agaricomycetes","o__Russulales","f__Peniophoraceae","g__Peniophora",NA
"OTU.189","k__Fungi","p__Ascomycota","c__Sordariomycetes","o__Xylariales",NA,NA,NA
"OTU.336","k__Fungi","p__Basidiomycota","c__Cystobasidiomycetes","o__Erythrobasidiales","f__Erythrobasidiaceae","g__Bannoa","s__ogasawarensis"
"OTU.59","k__Fungi","p__Basidiomycota","c__Tremellomycetes","o__Filobasidiales","f__Filobasidiaceae","g__Filobasidium",NA
"OTU.166","k__Fungi","p__Basidiomycota","c__Tremellomycetes","o__Tremellales","f__Bulleribasidiaceae","g__Dioszegia",NA
"OTU.201","k__Fungi","p__Basidiomycota","c__Agaricomycetes","o__Polyporales","f__Irpicaceae","g__Byssomerulius","s__corium"
"OTU.171","k__Fungi","p__Basidiomycota","c__Agaricomycetes","o__Atheliales","f__Atheliaceae","g__Leptosporomyces",NA
"OTU.349","k__Fungi","p__Ascomycota","c__Sordariomycetes","o__Xylariales","f__Xylariaceae","g__Nemania",NA
"OTU.39","k__Fungi","p__Ascomycota","c__Eurotiomycetes","o__Eurotiales","f__Aspergillaceae","g__Penicillium","s__brasilianum"
"OTU.253","k__Fungi","p__Basidiomycota","c__Agaricomycetes","o__Russulales","f__Bondarzewiaceae","g__Heterobasidion","s__occidentale"
"OTU.280","k__Fungi","p__Ascomycota","c__Leotiomycetes","o__Helotiales","f__Hyaloscyphaceae","g__Trichopeziza","s__mollissima"
"OTU.157","k__Fungi","p__Basidiomycota","c__Agaricomycetes","o__Russulales","f__Peniophoraceae","g__Peniophora",NA
"OTU.261","k__Fungi","p__Ascomycota","c__Dothideomycetes","o__Capnodiales","f__Neodevriesiaceae","g__Neodevriesia","s__imbrexigena"
"OTU.347","k__Fungi","p__Ascomycota","c__Sordariomycetes","o__Diaporthales","f__Diaporthaceae","g__Diaporthe",NA
"OTU.330","k__Fungi","p__Ascomycota","c__Dothideomycetes","o__Dothideales","f__Dothioraceae","g__Hormonema","s__macrosporum"
"OTU.326","k__Fungi","p__Ascomycota","c__Leotiomycetes","o__Helotiales","f__Leotiaceae","g__Pezoloma","s__ericae"
"OTU.55","k__Fungi","p__Ascomycota","c__Dothideomycetes","o__Capnodiales","f__Cladosporiaceae","g__Cladosporium","s__sphaerospermum"
"OTU.80","k__Fungi","p__Basidiomycota","c__Microbotryomycetes","o__Sporidiobolales","f__Sporidiobolaceae","g__Sporobolomyces","s__ruberrimus"
"OTU.150","k__Fungi","p__Basidiomycota","c__Agaricomycetes","o__Auriculariales","f__Exidiaceae",NA,NA
"OTU.306","k__Fungi","p__Basidiomycota","c__Agaricomycetes","o__Cantharellales","f__Ceratobasidiaceae","g__Rhizoctonia","s__alpina"
"Melampsora","k__Fungi","p__Basidiomycota","c__Pucciniomycetes","o__Pucciniales","f__Melampsoraceae","g__Melampsora","s__medusae"
"OTU.240","k__Fungi","p__Basidiomycota","c__Agaricomycetes","o__Polyporales","f__Fomitopsidaceae","g__Dacryobolus","s__sudans"
"OTU.297","k__Fungi","p__Ascomycota","c__Dothideomycetes","o__Capnodiales","f__Dissoconiaceae","g__Dissoconium","s__proteae"
"OTU.84","k__Fungi","p__Ascomycota","c__Dothideomycetes","o__Capnodiales","f__Neodevriesiaceae","g__Neodevriesia","s__modesta"
"OTU.155","k__Fungi","p__Basidiomycota","c__Agaricomycetes","o__Amylocorticiales",NA,NA,NA
"OTU.121","k__Fungi","p__Ascomycota","c__Dothideomycetes","o__Capnodiales",NA,NA,NA
"OTU.313","k__Fungi","p__Basidiomycota","c__Agaricomycetes","o__Polyporales","f__Fomitopsidaceae","g__Fomitopsis","s__cajanderi"
"OTU.246","k__Fungi","p__Basidiomycota","c__Agaricomycetes","o__Agaricales","f__Cystostereaceae","g__Crustomyces","s__subabruptus"
"OTU.273","k__Fungi","p__Basidiomycota","c__Agaricomycetes","o__Auriculariales","f__Aporpiaceae","g__Elmerina","s__caryae"
"OTU.242","k__Fungi","p__Basidiomycota","c__Agaricomycetes","o__Cantharellales","f__Botryobasidiaceae","g__Botryobasidium",NA
"OTU.290","k__Fungi","p__Basidiomycota","c__Agaricomycetes","o__Atheliales","f__Atheliaceae","g__Athelia",NA
"OTU.289","k__Fungi","p__Ascomycota","c__Eurotiomycetes","o__Chaetothyriales",NA,NA,NA
"OTU.199","k__Fungi","p__Ascomycota","c__Eurotiomycetes","o__Chaetothyriales","f__Herpotrichiellaceae","g__Exophiala","s__xenobiotica"
"OTU.288","k__Fungi","p__Ascomycota","c__Dothideomycetes","o__Capnodiales","f__Mycosphaerellaceae","g__Acrodontium",NA
"OTU.187","k__Fungi","p__Ascomycota","c__Dothideomycetes","o__Capnodiales","f__Mycosphaerellaceae","g__Acrodontium",NA
"OTU.178","k__Fungi","p__Ascomycota","c__Sordariomycetes","o__Hypocreales","f__Hypocreales_fam_Incertae_sedis","g__Emericellopsis",NA
"OTU.247","k__Fungi","p__Basidiomycota","c__Agaricomycetes","o__Cantharellales",NA,NA,NA
"OTU.98","k__Fungi","p__Basidiomycota","c__Tremellomycetes","o__Filobasidiales","f__Filobasidiaceae","g__Naganishia","s__adeliensis"
"OTU.130","k__Fungi","p__Ascomycota","c__Lecanoromycetes","o__Lecanorales","f__Ramalinaceae","g__Ramalina","s__farinacea"
"OTU.117","k__Fungi","p__Ascomycota","c__Dothideomycetes","o__Capnodiales","f__Mycosphaerellaceae","g__Ramularia","s__plurivora"
"OTU.278","k__Fungi","p__Ascomycota","c__Dothideomycetes","o__Capnodiales","f__Cladosporiaceae","g__Cladosporium","s__ramotenellum"
"OTU.145","k__Fungi","p__Ascomycota","c__Dothideomycetes","o__Pleosporales","f__Lentitheciaceae","g__Keissleriella","s__poagena"
"OTU.283","k__Fungi","p__Basidiomycota","c__Agaricomycetes","o__Russulales","f__Russulales_fam_Incertae_sedis","g__Scytinostromella","s__nannfeldtii"
"OTU.352","k__Fungi","p__Basidiomycota","c__Agaricomycetes","o__Agaricales","f__Tricholomataceae","g__Mycena",NA
"OTU.338","k__Fungi","p__Basidiomycota","c__Agaricomycetes","o__Cantharellales","f__Cantharellales_fam_Incertae_sedis","g__Sistotrema",NA
"OTU.114","k__Fungi","p__Basidiomycota","c__Exobasidiomycetes","o__Entylomatales","f__Entylomatales_fam_Incertae_sedis","g__Tilletiopsis","s__washingtonensis"
"OTU.49","k__Fungi","p__Ascomycota","c__Dothideomycetes","o__Pleosporales","f__Pleosporaceae","g__Alternaria","s__aspera"
"OTU.248","k__Fungi","p__Basidiomycota","c__Agaricomycetes","o__Cantharellales","f__Cantharellales_fam_Incertae_sedis","g__Sistotrema","s__brinkmannii"
"OTU.191","k__Fungi","p__Basidiomycota","c__Agaricomycetes","o__Polyporales","f__Phanerochaetaceae","g__Bjerkandera","s__adusta"
"OTU.132","k__Fungi","p__Ascomycota","c__Dothideomycetes","o__Pleosporales","f__Phaeosphaeriaceae","g__Leptospora",NA
"Aureobasidium","k__Fungi","p__Ascomycota","c__Dothideomycetes","o__Dothideales","f__Aureobasidiaceae",NA,NA
"OTU.103","k__Fungi","p__Basidiomycota","c__Tremellomycetes","o__Filobasidiales","f__Filobasidiaceae","g__Filobasidium","s__wieringae"
"OTU.79","k__Fungi","p__Basidiomycota","c__Tremellomycetes","o__Tremellales","f__Bulleribasidiaceae","g__Vishniacozyma","s__victoriae"
"OTU.88","k__Fungi","p__Basidiomycota","c__Agaricomycetes","o__Cantharellales",NA,NA,NA
"OTU.255","k__Fungi","p__Basidiomycota","c__Tremellomycetes","o__Cystofilobasidiales","f__Cystofilobasidiaceae","g__Cystofilobasidium","s__macerans"
"OTU.140","k__Fungi","p__Basidiomycota","c__Agaricomycetes","o__Cantharellales","f__Cantharellales_fam_Incertae_sedis","g__Burgoa",NA
"OTU.93","k__Fungi","p__Basidiomycota","c__Agaricomycetes","o__Polyporales","f__Phanerochaetaceae","g__Hyphodermella","s__corrugata"
"OTU.322","k__Fungi","p__Basidiomycota","c__Exobasidiomycetes","o__Exobasidiales","f__Brachybasidiaceae","g__Meira","s__nashicola"
"OTU.210","k__Fungi","p__Basidiomycota","c__Agaricomycetes","o__Russulales","f__Stereaceae","g__Stereum","s__hirsutum"
"OTU.271","k__Fungi","p__Basidiomycota","c__Agaricomycetes","o__Cantharellales",NA,NA,NA
"OTU.214","k__Fungi","p__Basidiomycota","c__Agaricomycetes","o__Atheliales","f__Atheliaceae","g__Athelia",NA
"OTU.321","k__Fungi","p__Basidiomycota","c__Agaricomycetes","o__Trechisporales","f__Hydnodontaceae","g__Brevicellicium","s__olivascens"
"OTU.226","k__Fungi","p__Basidiomycota","c__Agaricomycetes","o__Cantharellales","f__Cantharellales_fam_Incertae_sedis","g__Sistotrema","s__brinkmannii"
"OTU.182","k__Fungi","p__Basidiomycota","c__Agaricomycetes","o__Cantharellales","f__Cantharellales_fam_Incertae_sedis","g__Sistotrema","s__oblongisporum"
"OTU.291","k__Fungi","p__Ascomycota","c__Eurotiomycetes","o__Eurotiales","f__Aspergillaceae","g__Aspergillus",NA
"OTU.181","k__Fungi","p__Basidiomycota","c__Agaricomycetes","o__Cantharellales","f__Ceratobasidiaceae",NA,NA
"OTU.316","k__Fungi","p__Ascomycota","c__Leotiomycetes","o__Phacidiales","f__Phacidiaceae","g__Phacidium","s__pseudophacidioides"
"OTU.284","k__Fungi","p__Ascomycota","c__Sordariomycetes","o__Hypocreales","f__Cordycipitaceae","g__Simplicillium","s__cylindrosporum"
"OTU.63","k__Fungi","p__Ascomycota","c__Dothideomycetes","o__Pleosporales","f__Phaeosphaeriaceae","g__Phaeosphaeria","s__tofieldiae"
"OTU.308","k__Fungi","p__Ascomycota","c__Dothideomycetes","o__Capnodiales","f__Teratosphaeriaceae",NA,NA
"OTU.188","k__Fungi","p__Ascomycota","c__Eurotiomycetes","o__Eurotiales","f__Aspergillaceae","g__Aspergillus","s__penicillioides"
"OTU.264","k__Fungi","p__Basidiomycota","c__Exobasidiomycetes","o__Golubeviales","f__Golubeviaceae","g__Golubevia","s__pallescens"
"OTU.292","k__Fungi","p__Basidiomycota","c__Agaricomycetes","o__Agaricales",NA,NA,NA
"OTU.109","k__Fungi","p__Ascomycota","c__Dothideomycetes","o__Pleosporales","f__Didymosphaeriaceae","g__Paraphaeosphaeria","s__michotii"
"OTU.101","k__Fungi","p__Basidiomycota","c__Tremellomycetes","o__Cystofilobasidiales","f__Cystofilobasidiaceae","g__Cystofilobasidium","s__macerans"
"OTU.281","k__Fungi","p__Basidiomycota","c__Agaricomycetes","o__Cantharellales","f__Botryobasidiaceae","g__Botryobasidium","s__conspersum"
"OTU.174","k__Fungi","p__Basidiomycota","c__Agaricomycetes","o__Trechisporales","f__Hydnodontaceae","g__Subulicystidium","s__perlongisporum"
"OTU.156","k__Fungi","p__Basidiomycota","c__Agaricomycetes","o__Cantharellales",NA,NA,NA
"OTU.102","k__Fungi","p__Basidiomycota","c__Agaricomycetes","o__Polyporales","f__Steccherinaceae","g__Steccherinum",NA
"OTU.81","k__Fungi","p__Ascomycota","c__Dothideomycetes","o__Pleosporales","f__Pleosporaceae","g__Alternaria","s__dactylidicola"
"OTU.263","k__Fungi","p__Basidiomycota","c__Agaricomycetes","o__Hymenochaetales","f__Rickenellaceae","g__Sidera","s__lenis"
"OTU.142","k__Fungi","p__Basidiomycota","c__Agaricomycetes","o__Atheliales","f__Atheliaceae","g__Athelia","s__epiphylla"
"OTU.224","k__Fungi","p__Basidiomycota","c__Agaricomycetes","o__Auriculariales","f__Auriculariales_fam_Incertae_sedis","g__Oliveonia","s__pauxilla"
"OTU.65","k__Fungi","p__Ascomycota","c__Dothideomycetes","o__Pleosporales","f__Periconiaceae","g__Periconia","s__homothallica"
"OTU.333","k__Fungi","p__Basidiomycota","c__Agaricomycetes","o__Atheliales","f__Atheliaceae","g__Athelopsis","s__lembospora"
"OTU.135","k__Fungi","p__Basidiomycota","c__Agaricomycetes","o__Russulales","f__Lachnocladiaceae","g__Dichostereum","s__pallescens"
"OTU.75","k__Fungi","p__Ascomycota","c__Dothideomycetes","o__Pleosporales","f__Phaeosphaeriaceae","g__Phaeosphaeria",NA
"OTU.266","k__Fungi","p__Basidiomycota","c__Agaricomycetes","o__Trechisporales","f__Trechisporales_fam_Incertae_sedis","g__Sistotremastrum",NA
"OTU.245","k__Fungi","p__Ascomycota","c__Eurotiomycetes","o__Eurotiales","f__Aspergillaceae","g__Aspergillus","s__conicus"
"OTU.83","k__Fungi","p__Basidiomycota","c__Agaricomycetes","o__Polyporales","f__Polyporaceae","g__Trametes","s__versicolor"
"OTU.87","k__Fungi","p__Basidiomycota","c__Agaricomycetes","o__Hymenochaetales","f__Hymenochaetaceae","g__Fuscoporia","s__ferrea"
"OTU.222","k__Fungi","p__Basidiomycota","c__Agaricomycetes","o__Trechisporales","f__Trechisporales_fam_Incertae_sedis","g__Sistotremastrum","s__niveocremeum"
"OTU.287","k__Fungi","p__Ascomycota","c__Dothideomycetes","o__Venturiales","f__Venturiaceae","g__Tothia","s__fuscella"
"OTU.138","k__Fungi","p__Ascomycota","c__Sordariomycetes","o__Hypocreales","f__Cordycipitaceae","g__Lecanicillium","s__psalliotae"
"OTU.353","k__Fungi","p__Ascomycota","c__Eurotiomycetes","o__Eurotiales","f__Trichocomaceae","g__Talaromyces","s__bacillisporus"
"OTU.298","k__Fungi","p__Basidiomycota","c__Agaricomycetes","o__Agaricales","f__Tricholomataceae","g__Mycena",NA
"OTU.194","k__Fungi","p__Basidiomycota","c__Agaricomycetes","o__Russulales","f__Stereaceae","g__Stereum","s__sanguinolentum"
"OTU.230","k__Fungi","p__Basidiomycota","c__Agaricomycetes","o__Agaricales","f__Strophariaceae","g__Deconica","s__citrispora"
"OTU.179","k__Fungi","p__Basidiomycota","c__Agaricomycetes","o__Agaricales","f__Tricholomataceae","g__Panellus","s__mitis"
"Trichoderma","k__Fungi","p__Ascomycota","c__Sordariomycetes","o__Hypocreales","f__Hypocreaceae","g__Trichoderma",NA
"OTU.107","k__Fungi","p__Basidiomycota","c__Malasseziomycetes","o__Malasseziales",NA,NA,NA
"OTU.342","k__Fungi","p__Basidiomycota","c__Tremellomycetes","o__Tremellales","f__Bulleribasidiaceae","g__Dioszegia","s__fristingensis"
"OTU.262","k__Fungi","p__Basidiomycota","c__Tremellomycetes","o__Tremellales","f__Bulleribasidiaceae","g__Dioszegia","s__hungarica"
"OTU.177","k__Fungi","p__Ascomycota","c__Dothideomycetes","o__Capnodiales","f__Cladosporiaceae","g__Rachicladosporium",NA
"OTU.225","k__Fungi","p__Ascomycota","c__Sordariomycetes","o__Diaporthales","f__Gnomoniaceae","g__Gnomoniopsis","s__fructicola"
"OTU.233","k__Fungi","p__Basidiomycota","c__Agaricomycetes","o__Cantharellales","f__Botryobasidiaceae","g__Botryobasidium",NA
"OTU.318","k__Fungi","p__Basidiomycota","c__Agaricomycetes","o__Russulales","f__Stereaceae",NA,NA
"OTU.160","k__Fungi","p__Basidiomycota","c__Agaricomycetes","o__Corticiales","f__Corticiaceae","g__Corticium",NA
"OTU.64","k__Fungi","p__Ascomycota","c__Dothideomycetes","o__Pleosporales","f__Phaeosphaeriaceae",NA,NA
"OTU.196","k__Fungi","p__Basidiomycota","c__Agaricomycetes","o__Atheliales","f__Atheliaceae","g__Athelopsis","s__glaucina"
"OTU.241","k__Fungi","p__Ascomycota","c__Eurotiomycetes","o__Chaetothyriales","f__Cyphellophoraceae","g__Cyphellophora","s__reptans"
"Fusarium","k__Fungi","p__Ascomycota","c__Sordariomycetes","o__Hypocreales","f__Nectriaceae","g__Fusarium",NA
"OTU.343","k__Fungi","p__Ascomycota","c__Dothideomycetes","o__Pleosporales","f__Phaeosphaeriaceae","g__Phaeosphaeria","s__caricicola"
"OTU.172","k__Fungi","p__Basidiomycota","c__Agaricomycetes","o__Polyporales","f__Fomitopsidaceae","g__Antrodia","s__pini-cubensis"
"OTU.216","k__Fungi","p__Basidiomycota","c__Agaricostilbomycetes","o__Agaricostilbales","f__Kondoaceae","g__Bensingtonia",NA
"OTU.231","k__Fungi","p__Ascomycota","c__Sordariomycetes","o__Hypocreales","f__Cordycipitaceae","g__Simplicillium","s__aogashimaense"
"OTU.211","k__Fungi","p__Basidiomycota","c__Exobasidiomycetes","o__Entylomatales",NA,NA,NA
"OTU.43","k__Fungi","p__Ascomycota","c__Pezizomycetes","o__Pezizales","f__Pyronemataceae","g__Sphaerosporella",NA
"OTU.234","k__Fungi","p__Ascomycota","c__Pezizomycetes","o__Pezizales","f__Pezizaceae","g__Peziza","s__nivalis"
"OTU.68","k__Fungi","p__Basidiomycota","c__Ustilaginomycetes","o__Ustilaginales","f__Ustilaginaceae","g__Anthracocystis","s__flocculosa"
"OTU.337","k__Fungi","p__Basidiomycota","c__Dacrymycetes","o__Dacrymycetales","f__Dacrymycetaceae","g__Dacrymyces","s__minutus"
"OTU.323","k__Fungi","p__Basidiomycota","c__Agaricomycetes","o__Hymenochaetales","f__Hymenochaetales_fam_Incertae_sedis","g__Peniophorella","s__praetermissa"
"OTU.267","k__Fungi","p__Ascomycota","c__Saccharomycetes","o__Saccharomycetales","f__Saccharomycetales_fam_Incertae_sedis","g__Candida","s__sake"
"OTU.134","k__Fungi","p__Basidiomycota","c__Agaricostilbomycetes","o__Agaricostilbales","f__Chionosphaeraceae",NA,NA
"OTU.351","k__Fungi","p__Basidiomycota","c__Agaricomycetes","o__Atheliales","f__Atheliaceae","g__Fibulomyces","s__fusoideus"
"OTU.307","k__Fungi","p__Ascomycota","c__Dothideomycetes","o__Capnodiales","f__Cladosporiaceae","g__Rachicladosporium",NA
"OTU.28","k__Fungi","p__Ascomycota","c__Eurotiomycetes","o__Eurotiales","f__Aspergillaceae","g__Penicillium","s__kongii"
"OTU.119","k__Fungi","p__Basidiomycota","c__Cystobasidiomycetes","o__Cystobasidiales","f__Cystobasidiaceae","g__Cystobasidium","s__benthicum"
"OTU.254","k__Fungi","p__Basidiomycota","c__Tremellomycetes","o__Tremellales","f__Tremellaceae","g__Tremella","s__aurantia"
"OTU.168","k__Fungi","p__Ascomycota","c__Sordariomycetes","o__Hypocreales","f__Hypocreaceae","g__Hypomyces",NA
"OTU.236","k__Fungi","p__Basidiomycota","c__Agaricomycetes","o__Cantharellales","f__Cantharellales_fam_Incertae_sedis","g__Sistotrema","s__alboluteum"
"OTU.339","k__Fungi","p__Basidiomycota","c__Agaricomycetes","o__Gomphales","f__Gomphaceae",NA,NA
"OTU.207","k__Fungi","p__Basidiomycota","c__Agaricomycetes","o__Trechisporales","f__Hydnodontaceae","g__Brevicellicium","s__exile"
"OTU.152","k__Fungi","p__Basidiomycota","c__Agaricomycetes","o__Hymenochaetales","f__Hymenochaetaceae","g__Phellinus","s__igniarius"
"OTU.124","k__Fungi","p__Basidiomycota","c__Wallemiomycetes","o__Wallemiales","f__Wallemiaceae","g__Wallemia","s__canadensis"
"OTU.198","k__Fungi","p__Basidiomycota","c__Tremellomycetes","o__Trichosporonales","f__Trichosporonaceae","g__Cutaneotrichosporon","s__guehoae"
"OTU.112","k__Fungi","p__Ascomycota","c__Saccharomycetes","o__Saccharomycetales","f__Saccharomycetales_fam_Incertae_sedis","g__Candida","s__orthopsilosis"
"Penicillium","k__Fungi","p__Ascomycota","c__Eurotiomycetes","o__Eurotiales","f__Aspergillaceae","g__Penicillium","s__bialowiezense"
"OTU.62","k__Fungi","p__Basidiomycota","c__Tremellomycetes","o__Filobasidiales","f__Filobasidiaceae","g__Naganishia",NA
"OTU.272","k__Fungi","p__Basidiomycota","c__Agaricomycetes","o__Russulales","f__Auriscalpiaceae","g__Lentinellus","s__ursinus"
"OTU.296","k__Fungi","p__Basidiomycota","c__Agaricomycetes","o__Cantharellales","f__Cantharellales_fam_Incertae_sedis","g__Sistotrema",NA
"OTU.312","k__Fungi","p__Basidiomycota","c__Agaricomycetes","o__Agaricales","f__Schizophyllaceae","g__Schizophyllum","s__commune"
"OTU.340","k__Fungi","p__Basidiomycota","c__Agaricomycetes","o__Boletales","f__Rhizopogonaceae","g__Rhizopogon","s__roseolus"
"OTU.203","k__Fungi","p__Ascomycota","c__Saccharomycetes","o__Saccharomycetales","f__Debaryomycetaceae","g__Meyerozyma","s__guilliermondii"
"OTU.116","k__Fungi","p__Ascomycota","c__Dothideomycetes","o__Pleosporales","f__Pleosporales_fam_Incertae_sedis","g__Chalastospora","s__gossypii"
"OTU.95","k__Fungi","p__Ascomycota","c__Eurotiomycetes","o__Eurotiales","f__Aspergillaceae","g__Penicillium",NA
"OTU.213","k__Fungi","p__Basidiomycota","c__Agaricomycetes","o__Agaricales","f__Typhulaceae","g__Typhula","s__uncialis"
"OTU.285","k__Fungi","p__Basidiomycota","c__Agaricomycetes","o__Agaricales","f__Tricholomataceae","g__Pleurotopsis","s__longinqua"
"OTU.17","k__Fungi","p__Ascomycota","c__Eurotiomycetes","o__Eurotiales","f__Aspergillaceae","g__Penicillium","s__salamorum"
"OTU.53","k__Fungi","p__Basidiomycota","c__Exobasidiomycetes","o__Entylomatales","f__Entylomataceae","g__Entyloma","s__holwayi"
"OTU.74","k__Fungi","p__Basidiomycota","c__Tremellomycetes","o__Filobasidiales","f__Filobasidiaceae","g__Naganishia","s__globosa"
"Alternaria","k__Fungi","p__Ascomycota","c__Dothideomycetes","o__Pleosporales","f__Pleosporaceae","g__Alternaria","s__tenuissima"
"OTU.97","k__Fungi","p__Ascomycota","c__Dothideomycetes","o__Capnodiales","f__Dissoconiaceae","g__Dissoconium","s__aciculare"
"OTU.56","k__Fungi","p__Ascomycota","c__Sordariomycetes","o__Hypocreales","f__Hypocreales_fam_Incertae_sedis","g__Acremonium",NA
"OTU.20","k__Fungi","p__Ascomycota","c__Dothideomycetes","o__Capnodiales","f__Mycosphaerellaceae","g__Mycosphaerella","s__tassiana"
"OTU.37","k__Fungi","p__Ascomycota","c__Sordariomycetes","o__Hypocreales",NA,NA,NA
"OTU.21","k__Fungi","p__Ascomycota","c__Dothideomycetes","o__Capnodiales","f__Cladosporiaceae","g__Cladosporium",NA
"Cladosporium","k__Fungi","p__Ascomycota","c__Dothideomycetes","o__Capnodiales","f__Mycosphaerellaceae","g__Mycosphaerella","s__tassiana"
"OTU.47","k__Fungi","p__Basidiomycota","c__Tremellomycetes","o__Filobasidiales","f__Filobasidiaceae","g__Filobasidium","s__stepposum"
"OTU.113","k__Fungi","p__Basidiomycota","c__Microbotryomycetes","o__Sporidiobolales","f__Sporidiobolaceae","g__Sporobolomyces","s__roseus"
"OTU.96","k__Fungi","p__Ascomycota","c__Eurotiomycetes","o__Eurotiales","f__Aspergillaceae","g__Aspergillus",NA
"OTU.195","k__Fungi","p__Basidiomycota","c__Malasseziomycetes","o__Malasseziales","f__Malasseziaceae","g__Malassezia","s__restricta"
"OTU.58","k__Fungi","p__Ascomycota","c__Dothideomycetes","o__Capnodiales","f__Mycosphaerellaceae","g__Ramularia","s__mali"
"Dioszegia","k__Fungi","p__Basidiomycota","c__Tremellomycetes","o__Tremellales","f__Bulleribasidiaceae","g__Dioszegia","s__butyracea"
"OTU.169","k__Fungi","p__Basidiomycota","c__Agaricomycetes","o__Hymenochaetales","f__Schizoporaceae","g__Hyphodontia","s__pallidula"
"OTU.128","k__Fungi","p__Basidiomycota","c__Agaricomycetes","o__Hymenochaetales","f__Hymenochaetaceae","g__Fuscoporia","s__ferrea"
"OTU.258","k__Fungi","p__Basidiomycota","c__Agaricomycetes","o__Russulales","f__Stereaceae","g__Stereum","s__complicatum"
"OTU.57","k__Fungi","p__Ascomycota","c__Sordariomycetes","o__Hypocreales","f__Cordycipitaceae","g__Lecanicillium","s__muscarium"
"OTU.100","k__Fungi","p__Basidiomycota","c__Exobasidiomycetes","o__Entylomatales",NA,NA,NA
"OTU.183","k__Fungi","p__Basidiomycota","c__Microbotryomycetes","o__Sporidiobolales","f__Sporidiobolaceae","g__Rhodotorula","s__dairenensis"
"OTU.190","k__Fungi","p__Ascomycota","c__Dothideomycetes","o__Pleosporales","f__Pleosporaceae","g__Alternaria","s__carthami"
"OTU.219","k__Fungi","p__Basidiomycota","c__Agaricomycetes","o__Corticiales","f__Corticiaceae","g__Corticium",NA
"OTU.131","k__Fungi","p__Basidiomycota","c__Agaricomycetes","o__Amylocorticiales","f__Amylocorticiaceae","g__Plicaturopsis","s__crispa"
"OTU.123","k__Fungi","p__Basidiomycota","c__Agaricomycetes","o__Polyporales","f__Meruliaceae","g__Phlebia","s__rufa"
"OTU.244","k__Fungi","p__Basidiomycota","c__Agaricomycetes","o__Russulales","f__Peniophoraceae","g__Peniophora",NA
"OTU.305","k__Fungi","p__Basidiomycota","c__Agaricomycetes","o__Russulales","f__Peniophoraceae","g__Peniophora",NA
"OTU.106","k__Fungi","p__Ascomycota","c__Eurotiomycetes","o__Eurotiales","f__Aspergillaceae","g__Aspergillus",NA
"OTU.250","k__Fungi","p__Basidiomycota","c__Agaricomycetes","o__Russulales","f__Peniophoraceae","g__Peniophora",NA
"OTU.77","k__Fungi","p__Basidiomycota","c__Agaricomycetes","o__Hymenochaetales","f__Tubulicrinaceae","g__Tubulicrinis","s__glebulosus"
"OTU.277","k__Fungi","p__Basidiomycota","c__Tremellomycetes","o__Cystofilobasidiales","f__Mrakiaceae","g__Itersonilia","s__pannonica"
"OTU.146","k__Fungi","p__Basidiomycota","c__Tremellomycetes","o__Cystofilobasidiales","f__Mrakiaceae","g__Itersonilia","s__perplexans"
"OTU.143","k__Fungi","p__Basidiomycota","c__Tremellomycetes","o__Filobasidiales","f__Filobasidiaceae","g__Naganishia","s__friedmannii"
"OTU.220","k__Fungi","p__Ascomycota","c__Dothideomycetes","o__Capnodiales","f__Mycosphaerellaceae","g__Mycosphaerella","s__tassiana"
"OTU.252","k__Fungi","p__Ascomycota","c__Dothideomycetes","o__Pleosporales","f__Lophiostomataceae","g__Lophiostoma","s__corticola"
"OTU.118","k__Fungi","p__Ascomycota","c__Dothideomycetes","o__Pleosporales","f__Amorosiaceae","g__Angustimassarina","s__acerina"
"OTU.78","k__Fungi","p__Ascomycota","c__Eurotiomycetes","o__Eurotiales","f__Aspergillaceae","g__Penicillium",NA
"OTU.54","k__Fungi","p__Basidiomycota","c__Agaricomycetes","o__Hymenochaetales","f__Tubulicrinaceae","g__Tubulicrinis",NA
"OTU.147","k__Fungi","p__Basidiomycota","c__Microbotryomycetes","o__Sporidiobolales","f__Sporidiobolaceae","g__Rhodotorula","s__babjevae"
"Epicoccum","k__Fungi","p__Ascomycota","c__Dothideomycetes","o__Pleosporales","f__Didymellaceae","g__Epicoccum","s__dendrobii"
"OTU.265","k__Fungi","p__Ascomycota","c__Eurotiomycetes","o__Eurotiales","f__Aspergillaceae","g__Penicillium",NA
"OTU.66","k__Fungi","p__Ascomycota","c__Eurotiomycetes","o__Eurotiales","f__Aspergillaceae","g__Penicillium","s__simplicissimum"
"OTU.228","k__Fungi","p__Ascomycota","c__Sordariomycetes","o__Hypocreales",NA,NA,NA
"OTU.46","k__Fungi","p__Ascomycota","c__Sordariomycetes","o__Hypocreales","f__Hypocreaceae","g__Monocillium",NA
"OTU.334","k__Fungi","p__Basidiomycota","c__Agaricomycetes","o__Auriculariales","f__Exidiaceae","g__Exidia",NA
"OTU.279","k__Fungi","p__Basidiomycota","c__Agaricomycetes","o__Auriculariales","f__Exidiaceae","g__Exidia","s__glandulosa"
"OTU.126","k__Fungi","p__Ascomycota","c__Dothideomycetes","o__Capnodiales","f__Mycosphaerellaceae",NA,NA
"OTU.73","k__Fungi","p__Ascomycota","c__Dothideomycetes","o__Capnodiales","f__Mycosphaerellaceae","g__Ramularia",NA
"OTU.71","k__Fungi","p__Basidiomycota","c__Agaricomycetes","o__Russulales","f__Peniophoraceae","g__Peniophora",NA
"OTU.324","k__Fungi","p__Ascomycota","c__Dothideomycetes","o__Capnodiales","f__Extremaceae","g__Extremus",NA
"OTU.270","k__Fungi","p__Ascomycota","c__Dothideomycetes","o__Capnodiales",NA,NA,NA
"OTU.325","k__Fungi","p__Basidiomycota","c__Cystobasidiomycetes","o__Erythrobasidiales","f__Erythrobasidiaceae","g__Erythrobasidium",NA
"OTU.309","k__Fungi","p__Basidiomycota","c__Cystobasidiomycetes","o__Cystobasidiomycetes_ord_Incertae_sedis","f__Symmetrosporaceae","g__Symmetrospora","s__coprosmae"
"OTU.108","k__Fungi","p__Ascomycota","c__Dothideomycetes","o__Pleosporales","f__Amorosiaceae","g__Angustimassarina","s__acerina"
"OTU.204","k__Fungi","p__Ascomycota","c__Dothideomycetes","o__Capnodiales","f__Mycosphaerellaceae","g__Mycodiella",NA
"OTU.153","k__Fungi","p__Basidiomycota","c__Microbotryomycetes","o__Sporidiobolales","f__Sporidiobolaceae","g__Sporidiobolus","s__salmonicolor"
"OTU.50","k__Fungi","p__Ascomycota","c__Dothideomycetes","o__Capnodiales","f__Cladosporiaceae","g__Toxicocladosporium","s__pseudoveloxum"
"OTU.184","k__Fungi","p__Basidiomycota","c__Agaricomycetes","o__Russulales","f__Peniophoraceae","g__Peniophora","s__piceae"
"OTU.163","k__Fungi","p__Basidiomycota","c__Agaricomycetes","o__Thelephorales","f__Thelephoraceae","g__Thelephora","s__terrestris"
"OTU.331","k__Fungi","p__Ascomycota","c__Dothideomycetes","o__Pleosporales","f__Sporormiaceae","g__Preussia","s__dubia"
"OTU.32","k__Fungi","p__Ascomycota","c__Leotiomycetes","o__Helotiales","f__Sclerotiniaceae",NA,NA
"OTU.300","k__Fungi","p__Ascomycota","c__Leotiomycetes","o__Helotiales","f__Dermateaceae","g__Mollisia","s__cinerea"
"OTU.229","k__Fungi","p__Ascomycota","c__Leotiomycetes","o__Helotiales","f__Dermateaceae","g__Trochila","s__laurocerasi"
"OTU.328","k__Fungi","p__Basidiomycota","c__Tremellomycetes","o__Tremellales","f__Bulleribasidiaceae","g__Vishniacozyma","s__dimennae"
"OTU.170","k__Fungi","p__Basidiomycota","c__Dacrymycetes","o__Dacrymycetales","f__Dacrymycetaceae","g__Calocera","s__cornea"
"OTU.314","k__Fungi","p__Basidiomycota","c__Agaricomycetes","o__Russulales","f__Peniophoraceae","g__Peniophora","s__cinerea"
"OTU.148","k__Fungi","p__Ascomycota","c__Sordariomycetes","o__Hypocreales","f__Cordycipitaceae","g__Simplicillium","s__cylindrosporum"
"OTU.180","k__Fungi","p__Basidiomycota","c__Agaricomycetes","o__Cantharellales","f__Cantharellales_fam_Incertae_sedis","g__Sistotrema","s__sernanderi"
"OTU.151","k__Fungi","p__Basidiomycota","c__Agaricomycetes","o__Cantharellales","f__Cantharellales_fam_Incertae_sedis","g__Sistotrema",NA
